2025-10-06_15-16-45,None,draft.py:2025-10-06_15-16-45
2025-10-06_15-17-05,None,draft.py:2025-10-06_15-16-45
2025-10-06_15-17-42,None,draft.py:2025-10-06_15-17-42
2025-10-06_15-17-54,None,draft.py:2025-10-06_15-17-54
2025-10-06_15-19-46,None,draft.py:2025-10-06_15-17-54
2025-10-06_15-26-02,None,draft.py:2025-10-06_15-26-02
2025-10-06_15-26-19,None,draft.py:2025-10-06_15-26-19
2025-10-06_15-26-35,None,draft.py:2025-10-06_15-26-35
2025-10-06_17-02-40,None,draft.py:2025-10-06_15-26-35
2025-10-06_17-10-24,None,draft.py:2025-10-06_17-10-24
2025-10-06_17-11-02,None,draft.py:2025-10-06_17-10-24
2025-10-06_17-11-12,None,draft.py:2025-10-06_17-11-12
2025-10-06_17-11-29,None,draft.py:2025-10-06_17-11-12
2025-10-06_17-12-48,None,draft.py:2025-10-06_17-12-48
2025-10-06_17-15-24,None,draft.py:2025-10-06_17-15-24
